Country Name,Country Code,Series Name,Series Code,2020 [YR2020],2021 [YR2021],2022 [YR2022],2023 [YR2023],2024 [YR2024]
Afghanistan,AFG,"Population, total",SP.POP.TOTL,39068979,40000412,40578842,41454761,42647492
Afghanistan,AFG,GDP per capita (current US$),NY.GDP.PCAP.CD,510.787063366811,356.496214115892,357.261152798144,413.757894705303,..
Albania,ALB,"Population, total",SP.POP.TOTL,2837849,2811666,2777689,2745972,2714617
Albania,ALB,GDP per capita (current US$),NY.GDP.PCAP.CD,5370.77749956875,6413.28280828537,6846.42669381643,8575.17134637222,10011.6279856667
Algeria,DZA,"Population, total",SP.POP.TOTL,44042091,44761099,45477389,46164219,46814308
Algeria,DZA,GDP per capita (current US$),NY.GDP.PCAP.CD,3743.5419522929,4160.55926736925,4961.55257664733,5364.02795022731,5631.17999109851
American Samoa,ASM,"Population, total",SP.POP.TOTL,49761,49225,48342,47521,46765
American Samoa,ASM,GDP per capita (current US$),NY.GDP.PCAP.CD,14489.2586563775,15236.1604875571,18017.4589383973,..,..
Andorra,AND,"Population, total",SP.POP.TOTL,77380,78364,79705,80856,81938
Andorra,AND,GDP per capita (current US$),NY.GDP.PCAP.CD,37361.0900666982,42425.6996756291,42414.0590092117,46812.4484486309,49303.6733899464
Angola,AGO,"Population, total",SP.POP.TOTL,33451132,34532429,35635029,36749906,37885849
Angola,AGO,GDP per capita (current US$),NY.GDP.PCAP.CD,1449.92286669308,1925.87466082167,2929.69445467272,2309.53413042773,2122.08368991872
Antigua and Barbuda,ATG,"Population, total",SP.POP.TOTL,91846,92349,92840,93316,93772
Antigua and Barbuda,ATG,GDP per capita (current US$),NY.GDP.PCAP.CD,15369.6082250401,17348.6006987182,20105.1989085164,21494.5474000727,23725.7903725506
Argentina,ARG,"Population, total",SP.POP.TOTL,45191965,45312281,45407904,45538401,45696159
Argentina,ARG,GDP per capita (current US$),NY.GDP.PCAP.CD,8535.59938004389,10738.0179223384,13935.6811110049,14187.4827252965,13858.2039802008
Armenia,ARM,"Population, total",SP.POP.TOTL,2961500,2962300,2969200,2964300,3033500
Armenia,ARM,GDP per capita (current US$),NY.GDP.PCAP.CD,4268.68093304583,4685.17997128509,6571.97445545099,8125.27395754003,8500.60522486719
Aruba,ABW,"Population, total",SP.POP.TOTL,108587,107700,107310,107359,107624
Aruba,ABW,GDP per capita (current US$),NY.GDP.PCAP.CD,22855.9323200761,27200.0610793969,30559.5335346581,33984.7906198041,..
Australia,AUS,"Population, total",SP.POP.TOTL,25649248,25685412,26014399,26652777,27204809
Australia,AUS,GDP per capita (current US$),NY.GDP.PCAP.CD,51791.540179984,60607.7788605166,64997.0136536475,64835.9199754535,64407.484256932
Austria,AUT,"Population, total",SP.POP.TOTL,8916864,8955797,9041851,9131761,9178482
Austria,AUT,GDP per capita (current US$),NY.GDP.PCAP.CD,48716.4098900349,53648.7190742245,52176.6649141178,56033.573792065,56833.1960472053
Azerbaijan,AZE,"Population, total",SP.POP.TOTL,10093121,10137750,10141756,10153958,10202850
Azerbaijan,AZE,GDP per capita (current US$),NY.GDP.PCAP.CD,4229.91064904503,5408.04535175023,7770.594223351,7133.02838048328,7283.83562954872
"Bahamas, The",BHS,"Population, total",SP.POP.TOTL,395863,396373,397538,399440,401283
"Bahamas, The",BHS,GDP per capita (current US$),NY.GDP.PCAP.CD,26178.7537607708,30367.8605757708,34957.1613279737,38231.774484278,39455.4466548546
Bahrain,BHR,"Population, total",SP.POP.TOTL,1472204,1504365,1524693,1577059,1588670
Bahrain,BHR,GDP per capita (current US$),NY.GDP.PCAP.CD,24342.8444554718,27147.8083882286,30470.5219276023,29290.1284215098,30048.2177718844
Bangladesh,BGD,"Population, total",SP.POP.TOTL,166298024,167658854,169384897,171466990,173562364
Bangladesh,BGD,GDP per capita (current US$),NY.GDP.PCAP.CD,2248.85078828233,2482.84917843357,2716.48592780431,2551.01773827307,2593.41607390407
Barbados,BRB,"Population, total",SP.POP.TOTL,281698,282147,282318,282336,282467
Barbados,BRB,GDP per capita (current US$),NY.GDP.PCAP.CD,18347.1109131055,18696.7858952957,22164.0260273876,23804.0249914995,25365.7949424181
Belarus,BLR,"Population, total",SP.POP.TOTL,9379952,9302585,9228071,9178298,9133712
Belarus,BLR,GDP per capita (current US$),NY.GDP.PCAP.CD,6542.85579976768,7489.71894713888,7994.64806074889,7896.75388295584,8316.64776291533
Belgium,BEL,"Population, total",SP.POP.TOTL,11538604,11586195,11680210,11787423,11876844
Belgium,BEL,GDP per capita (current US$),NY.GDP.PCAP.CD,45906.2875805246,51658.238294958,50822.2518538518,54690.0942734964,55954.6106261018
Belize,BLZ,"Population, total",SP.POP.TOTL,390812,395346,402733,411106,417072
Belize,BLZ,GDP per capita (current US$),NY.GDP.PCAP.CD,5227.19363786168,6122.61158580079,7068.45478269722,7459.99815132837,8429.67959707387
Benin,BEN,"Population, total",SP.POP.TOTL,13070169,13413417,13759501,14111034,14462724
Benin,BEN,GDP per capita (current US$),NY.GDP.PCAP.CD,1200.19426631122,1318.65158107487,1266.42710981159,1394.17784663045,1485.38018980894
Bermuda,BMU,"Population, total",SP.POP.TOTL,64382,64648,64749,64698,64636
Bermuda,BMU,GDP per capita (current US$),NY.GDP.PCAP.CD,106976.546239632,112765.08167306,121613.939983629,132604.439086216,138934.958846463
Bhutan,BTN,"Population, total",SP.POP.TOTL,770006,775442,780914,786385,791524
Bhutan,BTN,GDP per capita (current US$),NY.GDP.PCAP.CD,3191.66906999331,3570.61257980872,3711.32767981591,3839.4093039286,..
Bolivia,BOL,"Population, total",SP.POP.TOTL,11816299,11937360,12077154,12244159,12413315
Bolivia,BOL,GDP per capita (current US$),NY.GDP.PCAP.CD,3099.94219053514,3384.84486462654,3643.92826984604,3686.27996442176,4001.21133990795
Bosnia and Herzegovina,BIH,"Population, total",SP.POP.TOTL,3299349,3244907,3204802,3185073,3164253
Bosnia and Herzegovina,BIH,GDP per capita (current US$),NY.GDP.PCAP.CD,6130.31133245161,7295.3438240957,7655.59421024383,8663.02322987879,8957.37294188215
Botswana,BWA,"Population, total",SP.POP.TOTL,2365894,2401441,2439892,2480244,2521139
Botswana,BWA,GDP per capita (current US$),NY.GDP.PCAP.CD,6323.29749806946,7807.88794500125,8328.70905682185,7826.35376483298,7695.2420641819
Brazil,BRA,"Population, total",SP.POP.TOTL,208660842,209550294,210306415,211140729,211998573
Brazil,BRA,GDP per capita (current US$),NY.GDP.PCAP.CD,7074.19378337644,7972.5366498646,9281.33334441234,10377.5892792557,10280.3148624429
British Virgin Islands,VGB,"Population, total",SP.POP.TOTL,37135,37809,38319,38985,39471
British Virgin Islands,VGB,GDP per capita (current US$),NY.GDP.PCAP.CD,..,..,..,..,..
Brunei Darussalam,BRN,"Population, total",SP.POP.TOTL,447404,451721,455370,458949,462721
Brunei Darussalam,BRN,GDP per capita (current US$),NY.GDP.PCAP.CD,26834.3592463839,31006.9636220576,36632.9280421411,32890.5492465722,33417.8357740437
Bulgaria,BGR,"Population, total",SP.POP.TOTL,6550696,6507301,6465097,6446596,6444366
Bulgaria,BGR,GDP per capita (current US$),NY.GDP.PCAP.CD,10769.9475699414,12972.2173356002,13999.6719197289,15883.8618545581,17412.4115085691
Burkina Faso,BFA,"Population, total",SP.POP.TOTL,21478690,21995243,22509038,23025776,23548781
Burkina Faso,BFA,GDP per capita (current US$),NY.GDP.PCAP.CD,825.237038782475,895.535288442991,836.118304593682,882.689810086163,987.321378101867
Burundi,BDI,"Population, total",SP.POP.TOTL,12617036,12965481,13321097,13689450,14047786
Burundi,BDI,GDP per capita (current US$),NY.GDP.PCAP.CD,210.008139902508,214.091455416133,250.634225368744,192.074305359351,153.930217854023
Cabo Verde,CPV,"Population, total",SP.POP.TOTL,514679,516649,519741,522331,524877
Cabo Verde,CPV,GDP per capita (current US$),NY.GDP.PCAP.CD,3539.22661248299,3971.44409203423,4323.31362032709,4861.29184126229,5272.85253011419
Cambodia,KHM,"Population, total",SP.POP.TOTL,16725474,16974305,17201724,17423880,17638801
Cambodia,KHM,GDP per capita (current US$),NY.GDP.PCAP.CD,2081.73914242939,2167.40324198499,2325.03050040841,2429.74853452838,2627.8796974226
Cameroon,CMR,"Population, total",SP.POP.TOTL,26210558,26915758,27632771,28372687,29123744
Cameroon,CMR,GDP per capita (current US$),NY.GDP.PCAP.CD,1555.60370660749,1672.32657340872,1604.87726954895,1736.86091073524,1762.3683508844
Canada,CAN,"Population, total",SP.POP.TOTL,38028638,38239864,38935934,40083484,41288599
Canada,CAN,GDP per capita (current US$),NY.GDP.PCAP.CD,43537.839298904,52886.6616372703,56256.8007264015,54220.3285039875,54282.6176051733
Cayman Islands,CYM,"Population, total",SP.POP.TOTL,68684,70108,71591,73038,74457
Cayman Islands,CYM,GDP per capita (current US$),NY.GDP.PCAP.CD,82338.7982853661,86438.445257404,92202.1478031576,97749.5078960846,..
Central African Republic,CAF,"Population, total",SP.POP.TOTL,5026628,5112100,5098039,5152421,5330690
Central African Republic,CAF,GDP per capita (current US$),NY.GDP.PCAP.CD,462.879071294011,492.263142830507,467.359825026238,495.978897288721,516.170424537757
Chad,TCD,"Population, total",SP.POP.TOTL,17224679,17828273,18455316,19319064,20299123
Chad,TCD,GDP per capita (current US$),NY.GDP.PCAP.CD,866.947814890409,946.358500208374,966.036468278568,989.058528968588,1016.08880662712
Channel Islands,CHI,"Population, total",SP.POP.TOTL,166235,166741,167215,167691,168126
Channel Islands,CHI,GDP per capita (current US$),NY.GDP.PCAP.CD,56785.9402005039,66912.1753241171,67627.3084478235,74589.1381155014,..
Chile,CHL,"Population, total",SP.POP.TOTL,19370624,19456334,19553036,19658835,19764771
Chile,CHL,GDP per capita (current US$),NY.GDP.PCAP.CD,13114.815470545,16206.8325493421,15405.6165774073,17067.0364799154,16709.8893972307
China,CHN,"Population, total",SP.POP.TOTL,1411100000,1412360000,1412175000,1410710000,1408975000
China,CHN,GDP per capita (current US$),NY.GDP.PCAP.CD,10627.4637989619,12887.4357242941,12970.6056414327,12951.1782397043,13303.1481543868
Colombia,COL,"Population, total",SP.POP.TOTL,50629997,51188173,51737944,52321152,52886363
Colombia,COL,GDP per capita (current US$),NY.GDP.PCAP.CD,5339.68711357943,6222.62164397614,6680.44506854481,7000.83660501046,7913.98801464547
Comoros,COM,"Population, total",SP.POP.TOTL,802163,818174,834188,850387,866628
Comoros,COM,GDP per capita (current US$),NY.GDP.PCAP.CD,1527.16990927956,1587.72988601478,1533.87755332151,1682.20285095721,1784.11546860293
"Congo, Dem. Rep.",COD,"Population, total",SP.POP.TOTL,95989998,99148932,102396968,105789731,109276265
"Congo, Dem. Rep.",COD,GDP per capita (current US$),NY.GDP.PCAP.CD,507.521230077872,558.034077296358,642.612267148918,633.395661686298,647.435704836002
"Congo, Rep.",COG,"Population, total",SP.POP.TOTL,5752791,5892183,6035104,6182885,6332961
"Congo, Rep.",COG,GDP per capita (current US$),NY.GDP.PCAP.CD,1993.586671931,2516.16255145432,2620.83804304713,2477.97845477092,2482.24894743495
Costa Rica,CRI,"Population, total",SP.POP.TOTL,5034320,5059988,5081765,5105525,5129910
Costa Rica,CRI,GDP per capita (current US$),NY.GDP.PCAP.CD,12394.0493969354,12838.1185359009,13625.9008491478,16942.0268119304,18587.1532203614
Cote d'Ivoire,CIV,"Population, total",SP.POP.TOTL,28915449,29639736,30395002,31165654,31934230
Cote d'Ivoire,CIV,GDP per capita (current US$),NY.GDP.PCAP.CD,2179.72934832935,2455.98127626488,2333.37128334477,2554.67304885576,2709.89511641252
Croatia,HRV,"Population, total",SP.POP.TOTL,3914206,3878981,3855641,3859686,3866300
Croatia,HRV,GDP per capita (current US$),NY.GDP.PCAP.CD,14808.4620188819,17789.9304736722,18466.0955472648,21865.4562838641,23931.4528382746
Cuba,CUB,"Population, total",SP.POP.TOTL,11176354,11122168,11059820,11019931,10979783
Cuba,CUB,GDP per capita (current US$),NY.GDP.PCAP.CD,9605.26125067263,..,..,..,..
Curacao,CUW,"Population, total",SP.POP.TOTL,154947,152369,149996,155800,155900
Curacao,CUW,GDP per capita (current US$),NY.GDP.PCAP.CD,16356.0933254541,17979.9982909306,20501.7522782219,21061.741639092,..
Cyprus,CYP,"Population, total",SP.POP.TOTL,1302247,1317309,1331370,1344976,1358282
Cyprus,CYP,GDP per capita (current US$),NY.GDP.PCAP.CD,28649.015625,33734.03515625,33894.44921875,36551.41796875,38654.16796875
Czechia,CZE,"Population, total",SP.POP.TOTL,10697858,10505772,10672118,10864042,10882164
Czechia,CZE,GDP per capita (current US$),NY.GDP.PCAP.CD,23472.8915454417,27696.4619527544,28282.2236715857,31591.0568216357,31706.6234229743
Denmark,DNK,"Population, total",SP.POP.TOTL,5831404,5856733,5903037,5946952,5976992
Denmark,DNK,GDP per capita (current US$),NY.GDP.PCAP.CD,60985.4885601514,69727.9873677012,68091.3191138669,68453.8769281145,71851.7562131368
Djibouti,DJI,"Population, total",SP.POP.TOTL,1105188,1121248,1137096,1152944,1168722
Djibouti,DJI,GDP per capita (current US$),NY.GDP.PCAP.CD,2844.88810647853,3025.91126413549,3133.25779772463,3397.52015779588,3496.47111876763
Dominica,DMA,"Population, total",SP.POP.TOTL,67573,67202,66826,66510,66205
Dominica,DMA,GDP per capita (current US$),NY.GDP.PCAP.CD,7827.74842680426,8376.40414141113,9323.66089490562,9912.96212766668,10405.2787777582
Dominican Republic,DOM,"Population, total",SP.POP.TOTL,11008300,11123476,11230734,11331265,11427557
Dominican Republic,DOM,GDP per capita (current US$),NY.GDP.PCAP.CD,7135.22273255899,8527.0754858205,10104.2449349081,10630.431743829,10875.6618443092
Ecuador,ECU,"Population, total",SP.POP.TOTL,17546065,17682454,17823897,17980083,18135478
Ecuador,ECU,GDP per capita (current US$),NY.GDP.PCAP.CD,5463.64515348598,6061.32350181711,6515.58528418336,6737.84748379638,6874.705739766
"Egypt, Arab Rep.",EGY,"Population, total",SP.POP.TOTL,109315124,110957008,112618250,114535772,116538258
"Egypt, Arab Rep.",EGY,GDP per capita (current US$),NY.GDP.PCAP.CD,3511.11381026379,3827.35415374308,4233.30783744856,3456.78968456253,3338.47371395895
El Salvador,SLV,"Population, total",SP.POP.TOTL,6234673,6255782,6280319,6309624,6338193
El Salvador,SLV,GDP per capita (current US$),NY.GDP.PCAP.CD,3997.19279583709,4642.60743101342,5074.60210221806,5365.44491399171,5579.65969165029
Equatorial Guinea,GNQ,"Population, total",SP.POP.TOTL,1716468,1758786,1803545,1847549,1892516
Equatorial Guinea,GNQ,GDP per capita (current US$),NY.GDP.PCAP.CD,5764.05502912947,6945.63069794539,7589.29964909381,6677.793435386,6745.40013244916
Eritrea,ERI,"Population, total",SP.POP.TOTL,3291271,3350183,3409447,3470390,3535603
Eritrea,ERI,GDP per capita (current US$),NY.GDP.PCAP.CD,..,..,..,..,..
Estonia,EST,"Population, total",SP.POP.TOTL,1329522,1330932,1348840,1370286,1371986
Estonia,EST,GDP per capita (current US$),NY.GDP.PCAP.CD,23933.9939421065,27953.7670230126,28451.1477825175,30133.304450454,31170.0915091887
Eswatini,SWZ,"Population, total",SP.POP.TOTL,1192729,1206593,1218917,1230506,1242822
Eswatini,SWZ,GDP per capita (current US$),NY.GDP.PCAP.CD,3454.784217446,3966.29863253832,3889.65276959161,3741.69010745416,3936.10969242371
Ethiopia,ETH,"Population, total",SP.POP.TOTL,118917671,122138588,125384287,128691692,132059767
Ethiopia,ETH,GDP per capita (current US$),NY.GDP.PCAP.CD,905.313159254148,910.947887074508,1011.07332413462,..,..
Faroe Islands,FRO,"Population, total",SP.POP.TOTL,52567,53305,53927,54439,54719
Faroe Islands,FRO,GDP per capita (current US$),NY.GDP.PCAP.CD,62240.822409175,68749.4005557957,66139.3809716876,71774.3522353393,..
Fiji,FJI,"Population, total",SP.POP.TOTL,914963,916711,919422,924145,928784
Fiji,FJI,GDP per capita (current US$),NY.GDP.PCAP.CD,4844.42127154524,4696.17103944634,5405.03006162671,5888.73667332429,6288.39867264416
Finland,FIN,"Population, total",SP.POP.TOTL,5529543,5541017,5556106,5583911,5637214
Finland,FIN,GDP per capita (current US$),NY.GDP.PCAP.CD,48828.6846862799,53099.1351400148,50440.560224974,52821.5114340717,53188.6186245158
France,FRA,"Population, total",SP.POP.TOTL,67601110,67842811,68065015,68287487,68516699
France,FRA,GDP per capita (current US$),NY.GDP.PCAP.CD,39169.8606000707,43725.0999521245,41082.8119320747,44690.9345395117,46150.4876861593
French Polynesia,PYF,"Population, total",SP.POP.TOTL,279209,279792,280378,281118,281807
French Polynesia,PYF,GDP per capita (current US$),NY.GDP.PCAP.CD,19966.4838503859,21982.9038942614,20738.6499971661,22774.1418988734,..
Gabon,GAB,"Population, total",SP.POP.TOTL,2322539,2376722,2430747,2484789,2538952
Gabon,GAB,GDP per capita (current US$),NY.GDP.PCAP.CD,6605.80346077904,8181.40914134398,8409.20741452279,8071.39777400455,8218.76307061848
"Gambia, The",GMB,"Population, total",SP.POP.TOTL,2515733,2576010,2636470,2697845,2759988
"Gambia, The",GMB,GDP per capita (current US$),NY.GDP.PCAP.CD,720.335143352133,781.890925169531,836.244875582631,888.157407441902,908.525674150965
Georgia,GEO,"Population, total",SP.POP.TOTL,3722716,3708610,3712502,3715483,3673850
Georgia,GEO,GDP per capita (current US$),NY.GDP.PCAP.CD,4300.85701291207,5083.60695484577,6729.84659930283,8283.66960652261,9193.66366361489
Germany,DEU,"Population, total",SP.POP.TOTL,83160871,83196078,83797985,83901923,83510950
Germany,DEU,GDP per capita (current US$),NY.GDP.PCAP.CD,47379.765194548,52265.6541620571,49686.1154582583,53940.4073447462,55800.2194549412
Ghana,GHA,"Population, total",SP.POP.TOTL,31887809,32518665,33149152,33787914,34427414
Ghana,GHA,GDP per capita (current US$),NY.GDP.PCAP.CD,2195.45481659987,2445.18662529344,2229.89122647803,2383.90410483418,2405.79466378083
Gibraltar,GIB,"Population, total",SP.POP.TOTL,36173,36858,37609,38471,39329
Gibraltar,GIB,GDP per capita (current US$),NY.GDP.PCAP.CD,..,..,..,..,..
Greece,GRC,"Population, total",SP.POP.TOTL,10698599,10569207,10436882,10405588,10388805
Greece,GRC,GDP per capita (current US$),NY.GDP.PCAP.CD,17886.733165236,20654.7001960815,20971.8349258283,23400.7278817691,24752.1068401681
Greenland,GRL,"Population, total",SP.POP.TOTL,56367,56653,56661,56865,56836
Greenland,GRL,GDP per capita (current US$),NY.GDP.PCAP.CD,54812.6661771023,58135.9939910203,55635.0006491223,58498.9743142433,..
Grenada,GRD,"Population, total",SP.POP.TOTL,116341,116688,116913,117081,117207
Grenada,GRD,GDP per capita (current US$),NY.GDP.PCAP.CD,8968.55890108484,9622.24050459345,10535.4588771454,11308.2874249451,11871.6117006031
Guam,GUM,"Population, total",SP.POP.TOTL,162158,163730,165180,166506,167777
Guam,GUM,GDP per capita (current US$),NY.GDP.PCAP.CD,36482.9363953675,38074.8793745801,41833.1517132825,..,..
Guatemala,GTM,"Population, total",SP.POP.TOTL,17357325,17598650,17847877,18124838,18406359
Guatemala,GTM,GDP per capita (current US$),NY.GDP.PCAP.CD,4477.61761796418,4912.62225721201,5358.70127494396,5758.30876298845,6150.02597767851
Guinea,GIN,"Population, total",SP.POP.TOTL,13371183,13710513,14055137,14405468,14754785
Guinea,GIN,GDP per capita (current US$),NY.GDP.PCAP.CD,1053.66097696415,1244.96550477914,1416.59612011764,1555.49375806861,1717.02318120779
Guinea-Bissau,GNB,"Population, total",SP.POP.TOTL,2013255,2058841,2105529,2153339,2201352
Guinea-Bissau,GNB,GDP per capita (current US$),NY.GDP.PCAP.CD,836.26731423732,912.484104692847,873.437861875428,964.927554218909,962.983627901892
Guyana,GUY,"Population, total",SP.POP.TOTL,807481,815482,821637,826353,831087
Guyana,GUY,GDP per capita (current US$),NY.GDP.PCAP.CD,6775.70939096303,9860.87014834386,17913.4928066879,20473.7002190617,29883.6341152001
Haiti,HTI,"Population, total",SP.POP.TOTL,11243848,11374586,11503606,11637398,11772557
Haiti,HTI,GDP per capita (current US$),NY.GDP.PCAP.CD,1290.32538667383,1835.44394078496,1760.62635668777,1705.75808460999,2142.62330526788
Honduras,HND,"Population, total",SP.POP.TOTL,10119640,10289877,10463872,10644851,10825703
Honduras,HND,GDP per capita (current US$),NY.GDP.PCAP.CD,2307.61494319511,2735.14751503977,3003.28996826399,3227.45762509776,3426.43483328923
"Hong Kong SAR, China",HKG,"Population, total",SP.POP.TOTL,7481000,7413100,7346100,7536100,7524100
"Hong Kong SAR, China",HKG,GDP per capita (current US$),NY.GDP.PCAP.CD,46109.2299946609,49770.5642374739,48825.8441873536,50565.4647717265,54107.034521746
Hungary,HUN,"Population, total",SP.POP.TOTL,9670419,9630932,9605074,9592186,9562314
Hungary,HUN,GDP per capita (current US$),NY.GDP.PCAP.CD,16386.9308821258,19030.628130329,18483.6366867035,22312.1790289763,23310.7512733957
Iceland,ISL,"Population, total",SP.POP.TOTL,366463,372520,382003,393349,404610
Iceland,ISL,GDP per capita (current US$),NY.GDP.PCAP.CD,59023.5663465778,69178.4046960961,75121.0152280628,79960.0961535662,82703.8579937471
India,IND,"Population, total",SP.POP.TOTL,1402617695,1414203896,1425423212,1438069596,1450935791
India,IND,GDP per capita (current US$),NY.GDP.PCAP.CD,1907.04251637669,2239.61384367482,2347.44829434623,2530.12031278204,2696.66389984463
Indonesia,IDN,"Population, total",SP.POP.TOTL,274814866,276758053,278830529,281190067,283487931
Indonesia,IDN,GDP per capita (current US$),NY.GDP.PCAP.CD,3853.70288774146,4287.17313995098,4730.83484836107,4876.30774512252,4925.43048751861
"Iran, Islamic Rep.",IRN,"Population, total",SP.POP.TOTL,87723443,88455488,89524246,90608707,91567738
"Iran, Islamic Rep.",IRN,GDP per capita (current US$),NY.GDP.PCAP.CD,2988.78122414716,4334.79268631354,4405.09291519791,4465.63766853306,4771.40029026226
Iraq,IRQ,"Population, total",SP.POP.TOTL,42116605,43071211,44070551,45074049,46042015
Iraq,IRQ,GDP per capita (current US$),NY.GDP.PCAP.CD,4295.18945121228,4868.49431080783,6520.73154560584,5965.31835077761,6073.61032342708
Ireland,IRL,"Population, total",SP.POP.TOTL,5039747,5110585,5212836,5307600,5380257
Ireland,IRL,GDP per capita (current US$),NY.GDP.PCAP.CD,86622.5067251295,103961.976350649,105234.511567597,103887.800388081,107316.337306921
Isle of Man,IMN,"Population, total",SP.POP.TOTL,84064,84106,84132,84165,84160
Isle of Man,IMN,GDP per capita (current US$),NY.GDP.PCAP.CD,79513.5330346598,94299.969348965,88328.548125887,..,..
Israel,ISR,"Population, total",SP.POP.TOTL,9215100,9371400,9557500,9849000,9974400
Israel,ISR,GDP per capita (current US$),NY.GDP.PCAP.CD,44575.5719045492,52270.9040241956,54949.621556429,52003.7200729997,54176.6844383302
Italy,ITA,"Population, total",SP.POP.TOTL,59438851,59133173,59013667,58993475,58986023
Italy,ITA,GDP per capita (current US$),NY.GDP.PCAP.CD,32091.4866621366,36852.5425414951,35653.9042103495,39065.4244365633,40226.0472416173
Jamaica,JAM,"Population, total",SP.POP.TOTL,2830739,2837682,2839144,2839786,2839175
Jamaica,JAM,GDP per capita (current US$),NY.GDP.PCAP.CD,4879.44025773374,5165.33782130331,6022.15339791763,6839.72502408181,7019.74634780454
Japan,JPN,"Population, total",SP.POP.TOTL,126261000,125681593,125124989,124516650,123975371
Japan,JPN,GDP per capita (current US$),NY.GDP.PCAP.CD,40028.7341726762,40094.5599795288,34065.6438962526,33836.1756271617,32475.8924992191
Jordan,JOR,"Population, total",SP.POP.TOTL,10865228,11066356,11256263,11439213,11552876
Jordan,JOR,GDP per capita (current US$),NY.GDP.PCAP.CD,4022.0401356135,4183.49998326866,4332.25159897931,4466.08314208575,4618.09592498567
Kazakhstan,KAZ,"Population, total",SP.POP.TOTL,19482117,19743603,20034609,20330104,20592571
Kazakhstan,KAZ,GDP per capita (current US$),NY.GDP.PCAP.CD,8781.50797787648,9983.60103576902,11255.3396437881,12879.4275257974,14005.3487362345
Kenya,KEN,"Population, total",SP.POP.TOTL,52217334,53219166,54252461,55339003,56432944
Kenya,KEN,GDP per capita (current US$),NY.GDP.PCAP.CD,1927.66459027849,2061.35622089594,2109.56288513137,1952.30457929636,2206.1349785176
Kiribati,KIR,"Population, total",SP.POP.TOTL,126099,128377,130469,132530,134518
Kiribati,KIR,GDP per capita (current US$),NY.GDP.PCAP.CD,1751.7823197053,2222.04829512346,2069.76720110559,2177.70114080416,2288.63458265531
"Korea, Dem. People's Rep.",PRK,"Population, total",SP.POP.TOTL,26136312,26232534,26328845,26418204,26498823
"Korea, Dem. People's Rep.",PRK,GDP per capita (current US$),NY.GDP.PCAP.CD,..,..,..,..,..
"Korea, Rep.",KOR,"Population, total",SP.POP.TOTL,51836239,51769539,51672569,51712619,51751065
"Korea, Rep.",KOR,GDP per capita (current US$),NY.GDP.PCAP.CD,31721.2989141857,35125.5224984723,32394.6833725203,33121.3712885508,..
Kosovo,XKX,"Population, total",SP.POP.TOTL,1790151,1786079,1768096,1682668,1527324
Kosovo,XKX,GDP per capita (current US$),NY.GDP.PCAP.CD,4310.89065548799,5270.42965289833,5290.94747224687,6221.20365212094,7299.43498083118
Kuwait,KWT,"Population, total",SP.POP.TOTL,4400267,4360865,4589643,4853420,4973861
Kuwait,KWT,GDP per capita (current US$),NY.GDP.PCAP.CD,25236.0755520534,34018.6342879647,39981.7690981957,34075.8490439847,32213.8622292316
Kyrgyz Republic,KGZ,"Population, total",SP.POP.TOTL,6726596,6851224,6975220,7099750,7224614
Kyrgyz Republic,KGZ,GDP per capita (current US$),NY.GDP.PCAP.CD,1229.51766602907,1349.99730650542,1739.72018344174,2138.22210211478,2419.26553574523
Lao PDR,LAO,"Population, total",SP.POP.TOTL,7346533,7453194,7559007,7664993,7769819
Lao PDR,LAO,GDP per capita (current US$),NY.GDP.PCAP.CD,2583.77730696131,2526.05105018529,2046.40440255621,2066.94979776957,2123.97909411797
Latvia,LVA,"Population, total",SP.POP.TOTL,1900449,1884490,1879383,1877445,1862441
Latvia,LVA,GDP per capita (current US$),NY.GDP.PCAP.CD,17564.2321549354,20261.8887788916,20227.2307431581,22675.5786295407,23367.5986788961
Lebanon,LBN,"Population, total",SP.POP.TOTL,5702398,5718122,5744489,5773493,5805962
Lebanon,LBN,GDP per capita (current US$),NY.GDP.PCAP.CD,5561.19166950397,4045.37391066234,3654.35845534878,3477.72489842684,..
Lesotho,LSO,"Population, total",SP.POP.TOTL,2235727,2261542,2286110,2311472,2337423
Lesotho,LSO,GDP per capita (current US$),NY.GDP.PCAP.CD,918.582577421982,1066.58643600093,1030.12579628833,916.282970463888,971.814620468788
Liberia,LBR,"Population, total",SP.POP.TOTL,5149463,5259323,5373294,5493031,5612817
Liberia,LBR,GDP per capita (current US$),NY.GDP.PCAP.CD,616.787867006715,667.96610514319,744.617175237387,799.194470229642,846.277368387389
Libya,LBY,"Population, total",SP.POP.TOTL,7045399,7135175,7223805,7305659,7381023
Libya,LBY,GDP per capita (current US$),NY.GDP.PCAP.CD,6650.33810585348,4935.82787349801,5986.63694851258,6172.81246940233,6318.40314031017
Liechtenstein,LIE,"Population, total",SP.POP.TOTL,38901,39182,39493,39850,40197
Liechtenstein,LIE,GDP per capita (current US$),NY.GDP.PCAP.CD,164671.093553454,201944.830335076,186821.881757157,207973.617746758,..
Lithuania,LTU,"Population, total",SP.POP.TOTL,2810369,2808380,2831639,2871585,2888055
Lithuania,LTU,GDP per capita (current US$),NY.GDP.PCAP.CD,20428.6478157394,23870.4594851722,25085.784063499,27786.0057829276,29386.2878350187
Luxembourg,LUX,"Population, total",SP.POP.TOTL,630419,640064,653103,666430,677717
Luxembourg,LUX,GDP per capita (current US$),NY.GDP.PCAP.CD,116860.02817236,134965.815442152,123719.658915996,131407.681364513,137516.587324367
"Macao SAR, China",MAC,"Population, total",SP.POP.TOTL,685400,682500,677300,678800,687000
"Macao SAR, China",MAC,GDP per capita (current US$),NY.GDP.PCAP.CD,36976.2561071429,45376.314586156,36909.9564090312,67476.5290813306,73046.8890267079
Madagascar,MDG,"Population, total",SP.POP.TOTL,28953556,29691083,30437261,31195932,31964956
Madagascar,MDG,GDP per capita (current US$),NY.GDP.PCAP.CD,450.771615201509,483.469463351371,503.514533472879,508.718427705736,544.997302693127
Malawi,MWI,"Population, total",SP.POP.TOTL,19533888,20047258,20568728,21104482,21655286
Malawi,MWI,GDP per capita (current US$),NY.GDP.PCAP.CD,602.507478176106,617.447520802454,604.269751184515,602.343619809252,508.371273531708
Malaysia,MYS,"Population, total",SP.POP.TOTL,33889558,34282399,34695493,35126298,35557673
Malaysia,MYS,GDP per capita (current US$),NY.GDP.PCAP.CD,9957.52626697613,10903.1116425938,11748.0919307944,11379.0851923557,11867.2586435443
Maldives,MDV,"Population, total",SP.POP.TOTL,502118,516154,524106,525994,527799
Maldives,MDV,GDP per capita (current US$),NY.GDP.PCAP.CD,7393.8886543933,10176.143882547,11786.0091545343,12530.3602359683,13215.5353637008
Mali,MLI,"Population, total",SP.POP.TOTL,21713836,22388630,23072640,23769127,24478595
Mali,MLI,GDP per capita (current US$),NY.GDP.PCAP.CD,953.242943290974,1027.27345365357,969.72220560562,1035.86242628411,1086.1762176779
Malta,MLT,"Population, total",SP.POP.TOTL,515490,518150,531113,552747,574346
Malta,MLT,GDP per capita (current US$),NY.GDP.PCAP.CD,31833.596382464,38065.354346575,36224.2819955817,40182.4313854634,42347.3073860173
Marshall Islands,MHL,"Population, total",SP.POP.TOTL,42706,41367,40077,38827,37548
Marshall Islands,MHL,GDP per capita (current US$),NY.GDP.PCAP.CD,5661.96787336674,6258.61193705127,6322.82855503156,6678.34239060448,7466.65186507409
Mauritania,MRT,"Population, total",SP.POP.TOTL,4600131,4734874,4875637,5022441,5169395
Mauritania,MRT,GDP per capita (current US$),NY.GDP.PCAP.CD,1795.76459566714,1947.78918383313,1960.35240077424,2120.82318421747,2082.78374423714
Mauritius,MUS,"Population, total",SP.POP.TOTL,1266014,1266334,1262523,1261041,1259509
Mauritius,MUS,GDP per capita (current US$),NY.GDP.PCAP.CD,9011.04288445023,9068.97300226707,10223.7882316574,11182.186568616,11871.733679438
Mexico,MEX,"Population, total",SP.POP.TOTL,126799054,127648148,128613117,129739759,130861007
Mexico,MEX,GDP per capita (current US$),NY.GDP.PCAP.CD,8841.2707511328,10314.0506725979,11402.1410374782,13826.1306570122,14157.9445835849
"Micronesia, Fed. Sts.",FSM,"Population, total",SP.POP.TOTL,110916,111624,112114,112630,113160
"Micronesia, Fed. Sts.",FSM,GDP per capita (current US$),NY.GDP.PCAP.CD,3362.02793142215,3508.22356270221,3710.12448453257,3941.37247887414,4166.00476748564
Moldova,MDA,"Population, total",SP.POP.TOTL,2635130,2595809,2528654,2457783,2389275
Moldova,MDA,GDP per capita (current US$),NY.GDP.PCAP.CD,4375.7788930524,5274.60582195352,5744.29618434435,6799.58594644576,7617.51613089815
Monaco,MCO,"Population, total",SP.POP.TOTL,38050,38527,38931,38956,38631
Monaco,MCO,GDP per capita (current US$),NY.GDP.PCAP.CD,176891.886538492,223823.363960226,226052.001905201,256580.515122745,..
Mongolia,MNG,"Population, total",SP.POP.TOTL,3327204,3383741,3433748,3481145,3524788
Mongolia,MNG,GDP per capita (current US$),NY.GDP.PCAP.CD,4001.25193077703,4517.61578018785,4993.51487463495,5838.63108083902,6691.48209834228
Montenegro,MNE,"Population, total",SP.POP.TOTL,626590,625053,623591,623529,623831
Montenegro,MNE,GDP per capita (current US$),NY.GDP.PCAP.CD,7612.62845881291,9377.48879714989,9990.20444616996,12077.3747094687,12935.4522712126
Morocco,MAR,"Population, total",SP.POP.TOTL,36584208,36954442,37329064,37712505,38081173
Morocco,MAR,GDP per capita (current US$),NY.GDP.PCAP.CD,3268.0302734375,3785.93627929688,3455.39624023438,3771.4462890625,3993.38745117188
Mozambique,MOZ,"Population, total",SP.POP.TOTL,30783688,31707800,32656246,33635160,34631766
Mozambique,MOZ,GDP per capita (current US$),NY.GDP.PCAP.CD,462.433876479921,509.907829475551,578.251663751351,622.985619320596,647.28579950207
Myanmar,MMR,"Population, total",SP.POP.TOTL,53016522,53387102,53756787,54133798,54500091
Myanmar,MMR,GDP per capita (current US$),NY.GDP.PCAP.CD,1490.21683548367,1242.72134419599,1158.05005034332,1233.19666209269,1359.25961394135
Namibia,NAM,"Population, total",SP.POP.TOTL,2728762,2810548,2889662,2963095,3030131
Namibia,NAM,GDP per capita (current US$),NY.GDP.PCAP.CD,3878.58982993966,4412.8355693052,4349.79908493314,4187.60500350786,4413.1274418646
Nauru,NRU,"Population, total",SP.POP.TOTL,11643,11709,11801,11875,11947
Nauru,NRU,GDP per capita (current US$),NY.GDP.PCAP.CD,10695.6993301601,14989.6647450751,12896.4341046481,12754.1867566585,13421.8330584638
Nepal,NPL,"Population, total",SP.POP.TOTL,28966574,29475010,29715436,29694614,29651054
Nepal,NPL,GDP per capita (current US$),NY.GDP.PCAP.CD,1154.21517578318,1252.75076731986,1385.91066274851,1382.33055769304,1447.31004458428
Netherlands,NLD,"Population, total",SP.POP.TOTL,17441500,17533044,17700982,17877117,17994237
Netherlands,NLD,GDP per capita (current US$),NY.GDP.PCAP.CD,53467.9277413737,60141.9880911492,59123.318556487,64572.0059558854,68218.7261019406
New Caledonia,NCL,"Population, total",SP.POP.TOTL,284176,285214,287123,289870,292639
New Caledonia,NCL,GDP per capita (current US$),NY.GDP.PCAP.CD,33270.330597637,35311.5543551452,33516.363085906,..,..
New Zealand,NZL,"Population, total",SP.POP.TOTL,5090200,5111300,5117100,5245000,5338500
New Zealand,NZL,GDP per capita (current US$),NY.GDP.PCAP.CD,41850.92032802,49689.498134519,48760.0381935936,48654.904227478,48747.0136853042
Nicaragua,NIC,"Population, total",SP.POP.TOTL,6565267,6644741,6730654,6823613,6916140
Nicaragua,NIC,GDP per capita (current US$),NY.GDP.PCAP.CD,1938.44704754382,2138.38588469449,2322.89053964583,2609.44492072931,2847.53966339498
Niger,NER,"Population, total",SP.POP.TOTL,23717613,24502140,25311973,26159867,27032412
Niger,NER,GDP per capita (current US$),NY.GDP.PCAP.CD,579.512495758236,608.722439593808,609.745147661683,638.336080723299,722.748650326257
Nigeria,NGA,"Population, total",SP.POP.TOTL,213996181,218529286,223150896,227882945,232679478
Nigeria,NGA,GDP per capita (current US$),NY.GDP.PCAP.CD,2019.65706326224,2017.27486481527,2139.37478476974,1596.63696129001,806.945695055244
North Macedonia,MKD,"Population, total",SP.POP.TOTL,1856124,1837114,1831712,1827816,1792179
North Macedonia,MKD,GDP per capita (current US$),NY.GDP.PCAP.CD,6659.59651070776,7620.80296977508,7606.2375253797,8624.28400232117,9310.02790015256
Northern Mariana Islands,MNP,"Population, total",SP.POP.TOTL,47528,46979,46078,45143,44278
Northern Mariana Islands,MNP,GDP per capita (current US$),NY.GDP.PCAP.CD,18220.8382427201,19455.50139424,23785.754590043,..,..
Norway,NOR,"Population, total",SP.POP.TOTL,5379475,5408320,5457127,5519594,5572272
Norway,NOR,GDP per capita (current US$),NY.GDP.PCAP.CD,68340.0181033702,93072.8925119571,109269.520580298,87497.3289297342,86809.7246897431
Oman,OMN,"Population, total",SP.POP.TOTL,4522497,4500424,4730226,5049269,5281538
Oman,OMN,GDP per capita (current US$),NY.GDP.PCAP.CD,16784.8630630058,19403.4600160211,23223.5829405935,20972.4830886637,20248.4168124608
Pakistan,PAK,"Population, total",SP.POP.TOTL,235001746,239477801,243700667,247504495,251269164
Pakistan,PAK,GDP per capita (current US$),NY.GDP.PCAP.CD,1278.39735206896,1455.31922370186,1538.3228133171,1365.16927410976,1484.74985864775
Palau,PLW,"Population, total",SP.POP.TOTL,17792,17783,17759,17727,17695
Palau,PLW,GDP per capita (current US$),NY.GDP.PCAP.CD,14556.5872302158,13257.2063206433,14392.2011374514,15899.4246065324,..
Panama,PAN,"Population, total",SP.POP.TOTL,4293261,4345405,4400773,4458759,4515577
Panama,PAN,GDP per capita (current US$),NY.GDP.PCAP.CD,13290.5608347594,15509.8069109784,17332.4360742988,18686.4050961265,19102.8521936399
Papua New Guinea,PNG,"Population, total",SP.POP.TOTL,9815746,10012896,10203169,10389635,10576502
Papua New Guinea,PNG,GDP per capita (current US$),NY.GDP.PCAP.CD,2429.61134585269,2607.57861874444,3102.28968594061,2966.06830432055,3076.48786186584
Paraguay,PRY,"Population, total",SP.POP.TOTL,6603739,6684182,6760464,6844146,6929153
Paraguay,PRY,GDP per capita (current US$),NY.GDP.PCAP.CD,5365.47220721191,5976.9317978996,6205.6259537937,6299.99026533643,6416.09709002917
Peru,PER,"Population, total",SP.POP.TOTL,32838579,33155882,33475438,33845617,34217848
Peru,PER,GDP per capita (current US$),NY.GDP.PCAP.CD,6133.32552410183,6826.20255614477,7350.63034300417,7887.54185920108,8452.37167047598
Philippines,PHL,"Population, total",SP.POP.TOTL,112081264,113100950,113964338,114891199,115843670
Philippines,PHL,GDP per capita (current US$),NY.GDP.PCAP.CD,3227.57910235199,3484.38593882819,3548.06930572116,3804.08274131097,3984.8315387656
Poland,POL,"Population, total",SP.POP.TOTL,37515748,36981559,36821749,36687353,36554707
Poland,POL,GDP per capita (current US$),NY.GDP.PCAP.CD,16150.9291009726,18635.5088812509,18891.213529396,22145.2643088909,25022.6716445953
Portugal,PRT,"Population, total",SP.POP.TOTL,10297081,10361831,10434332,10578174,10701636
Portugal,PRT,GDP per capita (current US$),NY.GDP.PCAP.CD,22299.4044062173,24711.4510062111,24620.519556875,27386.2920595024,28844.4979246799
Puerto Rico (US),PRI,"Population, total",SP.POP.TOTL,3281590,3262711,3220137,3203792,3203295
Puerto Rico (US),PRI,GDP per capita (current US$),NY.GDP.PCAP.CD,31427.1130762831,32619.0704601174,35353.6821570014,36948.4036416846,39285.0174585856
Qatar,QAT,"Population, total",SP.POP.TOTL,2794148,2504910,2657333,2656032,2857822
Qatar,QAT,GDP per capita (current US$),NY.GDP.PCAP.CD,51683.5054376677,71751.8831257169,88701.463352273,80195.8746508549,76275.9076782833
Romania,ROU,"Population, total",SP.POP.TOTL,19265250,19122059,19048502,19059479,19069340
Romania,ROU,GDP per capita (current US$),NY.GDP.PCAP.CD,13082.3006559554,14986.7854904274,15557.8826247584,18404.2730871704,20072.4079244042
Russian Federation,RUS,"Population, total",SP.POP.TOTL,145245148,144746762,144236933,143826130,143533851
Russian Federation,RUS,GDP per capita (current US$),NY.GDP.PCAP.CD,10108.3271484375,12425.029296875,15619.6142578125,14159.3876953125,14889.0185546875
Rwanda,RWA,"Population, total",SP.POP.TOTL,13065837,13355260,13651030,13954471,14256567
Rwanda,RWA,GDP per capita (current US$),NY.GDP.PCAP.CD,778.701498787411,829.544845639777,975.469323979541,1027.03446804432,999.654561402699
Samoa,WSM,"Population, total",SP.POP.TOTL,211944,213779,215261,216663,218019
Samoa,WSM,GDP per capita (current US$),NY.GDP.PCAP.CD,4099.6600907147,3947.64517905415,3869.46639492144,4330.17840531329,4898.77140817676
San Marino,SMR,"Population, total",SP.POP.TOTL,34770,34252,33755,33860,33977
San Marino,SMR,GDP per capita (current US$),NY.GDP.PCAP.CD,44426.6463400658,54168.9828262684,54264.570495898,..,..
Sao Tome and Principe,STP,"Population, total",SP.POP.TOTL,217435,221961,226305,230871,235536
Sao Tome and Principe,STP,GDP per capita (current US$),NY.GDP.PCAP.CD,2167.22001796925,2362.58827248102,2389.73729784737,2940.93352926715,3244.82899741459
Saudi Arabia,SAU,"Population, total",SP.POP.TOTL,31552510,30784383,32175224,33702731,35300280
Saudi Arabia,SAU,GDP per capita (current US$),NY.GDP.PCAP.CD,24338.8307301067,31920.7653655643,38510.2276211037,36156.848337701,35057.2252306969
Senegal,SEN,"Population, total",SP.POP.TOTL,16789219,17220867,17651103,18077573,18501984
Senegal,SEN,GDP per capita (current US$),NY.GDP.PCAP.CD,1461.08720350553,1598.10676952274,1574.0281059306,1698.03387300843,1743.98888384359
Serbia,SRB,"Population, total",SP.POP.TOTL,6899126,6834326,6664449,6623183,6587202
Serbia,SRB,GDP per capita (current US$),NY.GDP.PCAP.CD,8098.70955668849,9680.52798074468,10022.9688543402,12281.5058488303,13523.7246826854
Seychelles,SYC,"Population, total",SP.POP.TOTL,98462,99258,119878,119773,121354
Seychelles,SYC,GDP per capita (current US$),NY.GDP.PCAP.CD,14041.4754074575,14982.9111487767,16836.6721895387,18262.7115849287,17858.8226383978
Sierra Leone,SLE,"Population, total",SP.POP.TOTL,7912558,8094602,8276807,8460512,8642022
Sierra Leone,SLE,GDP per capita (current US$),NY.GDP.PCAP.CD,845.982914284565,886.192939104469,860.774590932595,757.848680560444,873.388575182318
Singapore,SGP,"Population, total",SP.POP.TOTL,5685807,5453566,5637022,5917648,6036860
Singapore,SGP,GDP per capita (current US$),NY.GDP.PCAP.CD,61410.0792630788,80056.1288247844,90299.0694637269,85412.230345235,90674.066632628
Sint Maarten (Dutch part),SXM,"Population, total",SP.POP.TOTL,41008,41571,42139,42749,43350
Sint Maarten (Dutch part),SXM,GDP per capita (current US$),NY.GDP.PCAP.CD,30150.8998380477,32548.4366854902,36476.6300833859,38077.5444869761,40027.9175992113
Slovak Republic,SVK,"Population, total",SP.POP.TOTL,5458827,5447247,5431752,5426740,5422069
Slovak Republic,SVK,GDP per capita (current US$),NY.GDP.PCAP.CD,19735.4858280801,22132.4483028948,21334.6011006572,24673.5482979144,26147.9028430133
Slovenia,SVN,"Population, total",SP.POP.TOTL,2102419,2108079,2112076,2120461,2126324
Slovenia,SVN,GDP per capita (current US$),NY.GDP.PCAP.CD,25392.0651093612,29187.369382785,28373.8382265999,32610.110922729,34089.3527652778
Solomon Islands,SLB,"Population, total",SP.POP.TOTL,744498,762591,781066,800005,819198
Solomon Islands,SLB,GDP per capita (current US$),NY.GDP.PCAP.CD,2063.33101522108,1996.86976779348,2005.4139933198,2076.10768772563,2149.37957267304
"Somalia, Fed. Rep.",SOM,"Population, total",SP.POP.TOTL,16651191,17271431,17801897,18358615,19009151
"Somalia, Fed. Rep.",SOM,GDP per capita (current US$),NY.GDP.PCAP.CD,518.184778494334,549.114742721701,573.128092472349,597.458854603043,636.983477589273
South Africa,ZAF,"Population, total",SP.POP.TOTL,60562381,61502603,62378410,63212384,64007187
South Africa,ZAF,GDP per capita (current US$),NY.GDP.PCAP.CD,5580.60383075189,6843.39941886204,6523.41097815853,6022.54254192335,6253.37158194543
South Sudan,SSD,"Population, total",SP.POP.TOTL,10698467,10865780,11021177,11483374,11943408
South Sudan,SSD,GDP per capita (current US$),NY.GDP.PCAP.CD,..,..,..,..,..
Spain,ESP,"Population, total",SP.POP.TOTL,47359424,47443821,47786102,48347910,48807137
Spain,ESP,GDP per capita (current US$),NY.GDP.PCAP.CD,27233.9426461608,30799.4775937775,30270.2687017458,33509.0127982139,35297.0094995565
Sri Lanka,LKA,"Population, total",SP.POP.TOTL,21919000,22156000,22181000,22037000,21916000
Sri Lanka,LKA,GDP per capita (current US$),NY.GDP.PCAP.CD,3847.60137695639,3996.96240014909,3342.63650253855,3798.89016573011,4515.56787322732
St. Kitts and Nevis,KNA,"Population, total",SP.POP.TOTL,46870,46763,46709,46758,46843
St. Kitts and Nevis,KNA,GDP per capita (current US$),NY.GDP.PCAP.CD,18859.0190361046,18361.1449697886,20985.0112160159,22600.4502299468,22771.4168922033
St. Lucia,LCA,"Population, total",SP.POP.TOTL,178250,178522,178781,179285,179744
St. Lucia,LCA,GDP per capita (current US$),NY.GDP.PCAP.CD,8411.07474936367,10459.1321248092,13103.8243147472,13554.7684784933,14181.6303351598
St. Martin (French part),MAF,"Population, total",SP.POP.TOTL,31786,29961,28870,27515,26129
St. Martin (French part),MAF,GDP per capita (current US$),NY.GDP.PCAP.CD,..,21668.3740927942,..,..,..
St. Vincent and the Grenadines,VCT,"Population, total",SP.POP.TOTL,103526,102841,102046,101323,100616
St. Vincent and the Grenadines,VCT,GDP per capita (current US$),NY.GDP.PCAP.CD,8351.20324040982,8641.27904024443,9693.55867833025,10582.3656725229,11501.2265187188
Sudan,SDN,"Population, total",SP.POP.TOTL,46789231,48066924,49383346,50042791,50448963
Sudan,SDN,GDP per capita (current US$),NY.GDP.PCAP.CD,577.795227050781,712.122009277344,1046.24084472656,797.283447265625,989.312866210938
Suriname,SUR,"Population, total",SP.POP.TOTL,612317,617896,623164,628886,634431
Suriname,SUR,GDP per capita (current US$),NY.GDP.PCAP.CD,4755.39221710693,5029.84838543953,6084.43876736445,5494.07409425517,7430.70219176443
Sweden,SWE,"Population, total",SP.POP.TOTL,10353442,10415811,10486941,10536632,10569709
Sweden,SWE,GDP per capita (current US$),NY.GDP.PCAP.CD,52653.7565934247,61174.9680215622,55296.9371472535,55567.0890080496,57723.2345031532
Switzerland,CHE,"Population, total",SP.POP.TOTL,8638167,8704546,8777088,8888093,9034102
Switzerland,CHE,GDP per capita (current US$),NY.GDP.PCAP.CD,85897.7843338323,93664.7736696111,94394.5106803525,100631.802755125,103669.872008144
Syrian Arab Republic,SYR,"Population, total",SP.POP.TOTL,21049429,21628839,22462173,23594623,24672760
Syrian Arab Republic,SYR,GDP per capita (current US$),NY.GDP.PCAP.CD,572.355289831901,663.614245706815,1051.67149587463,847.372723418531,..
Tajikistan,TJK,"Population, total",SP.POP.TOTL,9749310,9966908,10182222,10389799,10590927
Tajikistan,TJK,GDP per capita (current US$),NY.GDP.PCAP.CD,834.311715460625,896.748053372182,1052.17949484894,1178.47990060249,1341.20229027672
Tanzania,TZA,"Population, total",SP.POP.TOTL,60972798,62830412,64711821,66617606,68560157
Tanzania,TZA,GDP per capita (current US$),NY.GDP.PCAP.CD,1117.41528320313,1159.85656738281,1207.85302734375,1224.48962402344,1185.74548339844
Thailand,THA,"Population, total",SP.POP.TOTL,71641484,71727332,71735329,71702435,71668011
Thailand,THA,GDP per capita (current US$),NY.GDP.PCAP.CD,6985.64393892574,7057.20754802279,6909.35281815827,7195.10130919449,7345.13569000377
Timor-Leste,TLS,"Population, total",SP.POP.TOTL,1326053,1350139,1369295,1384286,1400638
Timor-Leste,TLS,GDP per capita (current US$),NY.GDP.PCAP.CD,1630.86938521256,2684.82702378987,2343.24523350389,1502.51964514186,1343.14886031844
Togo,TGO,"Population, total",SP.POP.TOTL,8669720,8878379,9089738,9304337,9515236
Togo,TGO,GDP per capita (current US$),NY.GDP.PCAP.CD,853.578220263722,939.613373786407,898.758154410712,985.697512629974,1043.14092889765
Tonga,TON,"Population, total",SP.POP.TOTL,105704,105490,105042,104597,104175
Tonga,TON,GDP per capita (current US$),NY.GDP.PCAP.CD,4700.44940541029,4912.57966349119,4933.07466930785,4863.76384632192,..
Trinidad and Tobago,TTO,"Population, total",SP.POP.TOTL,1366725,1367558,1365805,1367510,1368333
Trinidad and Tobago,TTO,GDP per capita (current US$),NY.GDP.PCAP.CD,15358.8612973066,17679.1812561341,20874.37682915,18639.259241294,19314.7163432664
Tunisia,TUN,"Population, total",SP.POP.TOTL,11974057,12048622,12119334,12200431,12277109
Tunisia,TUN,GDP per capita (current US$),NY.GDP.PCAP.CD,3548.65363663803,3906.93926319391,3708.8481241036,3950.3753419816,4350.3717971875
Turkiye,TUR,"Population, total",SP.POP.TOTL,83384680,84147318,84979913,85325965,85518661
Turkiye,TUR,GDP per capita (current US$),NY.GDP.PCAP.CD,8638.73903848102,9743.21277804855,10674.504157865,13105.6585004778,15473.2872636856
Turkmenistan,TKM,"Population, total",SP.POP.TOTL,6949912,7092043,7230193,7364438,7494498
Turkmenistan,TKM,GDP per capita (current US$),NY.GDP.PCAP.CD,6592.60146027748,7051.20211079213,8156.35211950774,8232.65225980002,8571.60702949432
Turks and Caicos Islands,TCA,"Population, total",SP.POP.TOTL,44386,45243,45847,46198,46535
Turks and Caicos Islands,TCA,GDP per capita (current US$),NY.GDP.PCAP.CD,20690.9160546118,27329.2885087196,31280.5418020808,35470.2151608295,37506.7798431288
Tuvalu,TUV,"Population, total",SP.POP.TOTL,10399,10194,9992,9816,9646
Tuvalu,TUV,GDP per capita (current US$),NY.GDP.PCAP.CD,4976.11254109571,5905.08198095343,5911.32727055301,6344.7750188689,..
Uganda,UGA,"Population, total",SP.POP.TOTL,44457152,45910930,47312719,48656601,50015092
Uganda,UGA,GDP per capita (current US$),NY.GDP.PCAP.CD,845.76646385001,882.791717442001,963.067314233497,1002.30913908852,1072.71369837695
Ukraine,UKR,"Population, total",SP.POP.TOTL,44680014,44298640,41048766,37732836,37860221
Ukraine,UKR,GDP per capita (current US$),NY.GDP.PCAP.CD,3709.76928710938,4775.94580078125,4199.6708984375,5139.59814453125,5389.47314453125
United Arab Emirates,ARE,"Population, total",SP.POP.TOTL,9401038,9575152,10074977,10483751,10876981
United Arab Emirates,ARE,GDP per capita (current US$),NY.GDP.PCAP.CD,37173.8754093066,43360.0211001327,49899.0652975197,49040.6947521035,49377.5643384379
United Kingdom,GBR,"Population, total",SP.POP.TOTL,66744000,66984000,67604000,68492000,69226000
United Kingdom,GBR,GDP per capita (current US$),NY.GDP.PCAP.CD,40404.8062238951,46926.475736105,46062.9914079698,49200.8101526146,52636.7865943853
United States,USA,"Population, total",SP.POP.TOTL,331577720,332099760,334017321,336806231,340110988
United States,USA,GDP per capita (current US$),NY.GDP.PCAP.CD,64401.5074354212,71307.4017277218,77860.9112908848,82304.6204272866,85809.9003846356
Uruguay,URY,"Population, total",SP.POP.TOTL,3398968,3396695,3390913,3388081,3386588
Uruguay,URY,GDP per capita (current US$),NY.GDP.PCAP.CD,15757.5355995779,17881.818721099,20818.6146091144,23019.4221560046,23906.5133029408
Uzbekistan,UZB,"Population, total",SP.POP.TOTL,33586372,34243696,34938955,35652307,36361859
Uzbekistan,UZB,GDP per capita (current US$),NY.GDP.PCAP.CD,1978.28051860763,2258.51964119278,2578.66689394219,2878.96879292451,3161.70010632875
Vanuatu,VUT,"Population, total",SP.POP.TOTL,298858,305868,313046,320409,327777
Vanuatu,VUT,GDP per capita (current US$),NY.GDP.PCAP.CD,3042.98711598286,3211.71947349318,3292.34108821237,3515.23633611798,3542.81071592874
"Venezuela, RB",VEN,"Population, total",SP.POP.TOTL,28444077,28237826,28213017,28300854,28405543
"Venezuela, RB",VEN,GDP per capita (current US$),NY.GDP.PCAP.CD,..,..,..,..,..
Viet Nam,VNM,"Population, total",SP.POP.TOTL,98079191,98935098,99680655,100352192,100987686
Viet Nam,VNM,GDP per capita (current US$),NY.GDP.PCAP.CD,3534.03953482647,3704.1935590038,4147.69777213621,4323.35031982451,4717.29028732449
Virgin Islands (U.S.),VIR,"Population, total",SP.POP.TOTL,106290,105870,105413,104917,104377
Virgin Islands (U.S.),VIR,GDP per capita (current US$),NY.GDP.PCAP.CD,39787.3741650202,42571.0777368471,44320.909185774,..,..
West Bank and Gaza,PSE,"Population, total",SP.POP.TOTL,4803269,4922749,5043612,5165775,5289152
West Bank and Gaza,PSE,GDP per capita (current US$),NY.GDP.PCAP.CD,3233.56863835858,3678.63565662194,3799.95527015163,3455.02852911712,2592.30591217647
"Yemen, Rep.",YEM,"Population, total",SP.POP.TOTL,36134863,37140230,38222876,39390799,40583164
"Yemen, Rep.",YEM,GDP per capita (current US$),NY.GDP.PCAP.CD,..,..,..,..,..
Zambia,ZMB,"Population, total",SP.POP.TOTL,19059395,19603607,20152938,20723965,21314956
Zambia,ZMB,GDP per capita (current US$),NY.GDP.PCAP.CD,951.644316655957,1127.16077872857,1447.12310138035,1330.72780576709,1235.08466482514
Zimbabwe,ZWE,"Population, total",SP.POP.TOTL,15526888,15797210,16069056,16340822,16634373
Zimbabwe,ZWE,GDP per capita (current US$),NY.GDP.PCAP.CD,1730.45391034701,1724.38727102272,2040.54658705395,2156.03409322984,2656.40937654332
Africa Eastern and Southern,AFE,"Population, total",SP.POP.TOTL,694446100,713090928,731821393,750503764,769294618
Africa Eastern and Southern,AFE,GDP per capita (current US$),NY.GDP.PCAP.CD,1344.10320999294,1522.3933455926,1628.31894446307,1510.74295082335,1567.63583892828
Africa Western and Central,AFW,"Population, total",SP.POP.TOTL,474569351,485920997,497387180,509398589,521764076
Africa Western and Central,AFW,GDP per capita (current US$),NY.GDP.PCAP.CD,1680.03933212698,1765.9547879785,1796.66863273368,1599.39298291654,1284.15444092323
Arab World,ARB,"Population, total",SP.POP.TOTL,453723239,460646603,471352066,482105978,492579811
Arab World,ARB,GDP per capita (current US$),NY.GDP.PCAP.CD,5722.48099531674,6681.70895180141,7931.61789279006,7479.68809103279,7521.15330929761
Caribbean small states,CSS,"Population, total",SP.POP.TOTL,4459302,4479167,4497310,4519904,4539060
Caribbean small states,CSS,GDP per capita (current US$),NY.GDP.PCAP.CD,11925.7573950011,13833.3099303464,17355.8366579795,17582.2636796878,20173.9564746676
Central Europe and the Baltics,CEB,"Population, total",SP.POP.TOTL,101215763,100205732,100071871,100175859,100050066
Central Europe and the Baltics,CEB,GDP per capita (current US$),NY.GDP.PCAP.CD,16595.9352698049,19239.8185020397,19548.6930479638,22699.5351734821,24543.3040551653
Early-demographic dividend,EAR,"Population, total",SP.POP.TOTL,3396051187,3432026092,3470644834,3511607650,3552278604
Early-demographic dividend,EAR,GDP per capita (current US$),NY.GDP.PCAP.CD,3250.74974734387,3765.51079786712,4113.00084852322,4313.64804240795,4510.25268168449
East Asia & Pacific,EAS,"Population, total",SP.POP.TOTL,2369438682,2375144416,2379648196,2384479340,2388378491
East Asia & Pacific,EAS,GDP per capita (current US$),NY.GDP.PCAP.CD,11595.2940923559,13282.7636699758,13084.2848090909,13117.90954458,13349.0833109152
East Asia & Pacific (excluding high income),EAP,"Population, total",SP.POP.TOTL,2121866294,2128553744,2133560408,2137527754,2141122258
East Asia & Pacific (excluding high income),EAP,GDP per capita (current US$),NY.GDP.PCAP.CD,8391.36838432689,9974.63640001599,10106.8725194012,10125.7668065643,10396.8255168912
East Asia & Pacific (IDA & IBRD countries),TEA,"Population, total",SP.POP.TOTL,2095759417,2102350702,2107261123,2111139152,2114653077
East Asia & Pacific (IDA & IBRD countries),TEA,GDP per capita (current US$),NY.GDP.PCAP.CD,8485.42025780464,10086.4785164265,10220.360503609,10239.674334039,10513.9755660123
Euro area,EMU,"Population, total",SP.POP.TOTL,346986142,347207191,348700885,350292725,351125804
Euro area,EMU,GDP per capita (current US$),NY.GDP.PCAP.CD,38234.5335889285,42967.2551656434,41446.4322827569,45068.7010930397,46724.355622795
Europe & Central Asia,ECS,"Population, total",SP.POP.TOTL,923973838,924702975,925061269,925640799,928465742
Europe & Central Asia,ECS,GDP per capita (current US$),NY.GDP.PCAP.CD,24121.4791035767,27591.4108786977,27782.8616206223,29835.7180523654,31392.581963732
Europe & Central Asia (excluding high income),ECA,"Population, total",SP.POP.TOTL,250660609,252189631,250840400,249053262,250485944
Europe & Central Asia (excluding high income),ECA,GDP per capita (current US$),NY.GDP.PCAP.CD,5733.41761868436,6623.35137698536,7247.60981221236,8571.4101866164,9668.56270854153
Europe & Central Asia (IDA & IBRD countries),TEC,"Population, total",SP.POP.TOTL,463151657,463426293,461268322,458932506,459954508
Europe & Central Asia (IDA & IBRD countries),TEC,GDP per capita (current US$),NY.GDP.PCAP.CD,8456.58174660206,9987.98864443054,11410.4415323006,12106.9240912296,13257.56545104
European Union,EUU,"Population, total",SP.POP.TOTL,446870959,446227358,447703403,449425965,450185396
European Union,EUU,GDP per capita (current US$),NY.GDP.PCAP.CD,34698.4032089427,39214.3660784805,37962.8295010744,41392.0743803078,43145.1566930223
Fragile and conflict affected situations,FCS,"Population, total",SP.POP.TOTL,994901090,1016906998,1036390026,1057033168,1081767572
Fragile and conflict affected situations,FCS,GDP per capita (current US$),NY.GDP.PCAP.CD,1685.09795088858,1757.35640223069,1897.94911362527,1722.02197897444,1571.8004320986
Heavily indebted poor countries (HIPC),HPC,"Population, total",SP.POP.TOTL,847743308,870930036,893906294,917304254,941413026
Heavily indebted poor countries (HIPC),HPC,GDP per capita (current US$),NY.GDP.PCAP.CD,968.074022023344,1049.99987506014,1111.39185793698,1140.19606998258,1202.76979412349
High income,HIC,"Population, total",SP.POP.TOTL,1393490142,1391839631,1398530204,1408764584,1417871275
High income,HIC,GDP per capita (current US$),NY.GDP.PCAP.CD,40219.1360185556,45211.9410454249,46655.1648590412,48708.4624685822,50443.9276011316
IBRD only,IBD,"Population, total",SP.POP.TOTL,4878606096,4905534420,4928522353,4952554878,4979720059
IBRD only,IBD,GDP per capita (current US$),NY.GDP.PCAP.CD,6236.68120499036,7366.1147382175,7745.39306575372,7964.73675347128,8253.92125275536
IDA & IBRD total,IBT,"Population, total",SP.POP.TOTL,6666779721,6732972939,6795050443,6858864199,6926456321
IDA & IBRD total,IBT,GDP per capita (current US$),NY.GDP.PCAP.CD,4932.64621363092,5764.25548879941,6043.77728725502,6157.39821498709,6340.63327027503
IDA blend,IDB,"Population, total",SP.POP.TOTL,626440308,639196319,651895919,664395892,676957651
IDA blend,IDB,GDP per capita (current US$),NY.GDP.PCAP.CD,1735.42504387769,1857.19734593257,1962.52152270807,1729.91982930792,1565.83627113068
IDA only,IDX,"Population, total",SP.POP.TOTL,1161733317,1188242200,1214632171,1241913429,1269778611
IDA only,IDX,GDP per capita (current US$),NY.GDP.PCAP.CD,1179.86645615956,1254.09572124934,1330.40253875948,1319.43444336952,1387.92937311476
IDA total,IDA,"Population, total",SP.POP.TOTL,1788173625,1827438519,1866528090,1906309321,1946736262
IDA total,IDA,GDP per capita (current US$),NY.GDP.PCAP.CD,1374.49201596905,1465.04691576142,1551.17381360191,1458.94469071737,1441.90853142035
Late-demographic dividend,LTE,"Population, total",SP.POP.TOTL,2316461820,2320449542,2324125644,2326636900,2328890789
Late-demographic dividend,LTE,GDP per capita (current US$),NY.GDP.PCAP.CD,9869.54019951006,11755.4245358535,12280.1075352976,12422.7253981593,12843.3344406811
Latin America & Caribbean,LCN,"Population, total",SP.POP.TOTL,645497651,649234493,653104795,657617663,662185950
Latin America & Caribbean,LCN,GDP per capita (current US$),NY.GDP.PCAP.CD,7445.29645309345,8597.53194021339,9716.03266743823,10838.827948659,11044.6796556507
Latin America & Caribbean (excluding high income),LAC,"Population, total",SP.POP.TOTL,578091505,581884231,585648822,589889543,594158638
Latin America & Caribbean (excluding high income),LAC,GDP per capita (current US$),NY.GDP.PCAP.CD,6892.38171560913,7955.36133413771,9093.65274220086,10166.928671097,10344.66889924
Latin America & the Caribbean (IDA & IBRD countries),TLA,"Population, total",SP.POP.TOTL,630051021,633862610,637837815,642397939,647003746
Latin America & the Caribbean (IDA & IBRD countries),TLA,GDP per capita (current US$),NY.GDP.PCAP.CD,7240.29672376392,8382.42554035091,9482.77639942335,10593.1164302324,10784.3171528207
Least developed countries: UN classification,LDC,"Population, total",SP.POP.TOTL,1083636132,1109175268,1134585604,1160824674,1187777591
Least developed countries: UN classification,LDC,GDP per capita (current US$),NY.GDP.PCAP.CD,1088.70490856513,1161.529354921,1273.78979194705,1220.23843928653,1258.9400116614
Low & middle income,LMY,"Population, total",SP.POP.TOTL,6314223170,6378645843,6438272260,6499219471,6563719861
Low & middle income,LMY,GDP per capita (current US$),NY.GDP.PCAP.CD,4698.5175297673,5485.92472057214,5702.28344160279,5819.84086254913,5974.80452228263
Low income,LIC,"Population, total",SP.POP.TOTL,560643073,576076618,591481496,607774703,624608098
Low income,LIC,GDP per capita (current US$),NY.GDP.PCAP.CD,607.964753680008,643.369305022958,723.504638939919,697.171191535478,746.934788844338
Lower middle income,LMC,"Population, total",SP.POP.TOTL,2968398856,3006243027,3043358377,3082002881,3120983658
Lower middle income,LMC,GDP per capita (current US$),NY.GDP.PCAP.CD,2058.43459982702,2302.44736874388,2424.15054696003,2443.40827649123,2517.63261211924
"Middle East, North Africa, Afghanistan & Pakistan",MEA,"Population, total",SP.POP.TOTL,756405281,767578451,782349366,797801454,813118814
"Middle East, North Africa, Afghanistan & Pakistan",MEA,GDP per capita (current US$),NY.GDP.PCAP.CD,4707.81986084887,5575.27298626728,6383.39839256713,6063.05247657864,6180.85878446824
"Middle East, North Africa, Afghanistan & Pakistan (excluding high income)",MNA,"Population, total",SP.POP.TOTL,692532027,704458802,716508657,729077445,741690916
"Middle East, North Africa, Afghanistan & Pakistan (excluding high income)",MNA,GDP per capita (current US$),NY.GDP.PCAP.CD,2381.42542469934,2719.53126773593,2975.95566292741,2797.40730719316,2903.59793979158
"Middle East, North Africa, Afghanistan & Pakistan (IDA & IBRD)",TMN,"Population, total",SP.POP.TOTL,687728758,699536053,711465045,723911670,736401764
"Middle East, North Africa, Afghanistan & Pakistan (IDA & IBRD)",TMN,GDP per capita (current US$),NY.GDP.PCAP.CD,2375.4738441756,2712.78189413176,2970.11428767476,2792.71457545742,2905.83377209255
Middle income,MIC,"Population, total",SP.POP.TOTL,5753580097,5802569225,5846790764,5891444768,5939111763
Middle income,MIC,GDP per capita (current US$),NY.GDP.PCAP.CD,5096.7359040376,5966.0001578766,6205.5459977675,6347.75391928371,6524.2573581605
North America,NAC,"Population, total",SP.POP.TOTL,369670740,370404272,373018004,376954413,381464223
North America,NAC,GDP per capita (current US$),NY.GDP.PCAP.CD,62262.642409838,69412.9137512303,75613.4507146586,79326.9076599571,82406.4788664869
Not classified,INX,"Population, total",SP.POP.TOTL,..,..,..,..,..
Not classified,INX,GDP per capita (current US$),NY.GDP.PCAP.CD,..,..,..,..,..
OECD members,OED,"Population, total",SP.POP.TOTL,1369327995,1371811773,1379097485,1388472514,1396914190
OECD members,OED,GDP per capita (current US$),NY.GDP.PCAP.CD,38704.9773091343,43149.6072484462,44046.426245598,46672.5139916762,48454.6975400673
Other small states,OSS,"Population, total",SP.POP.TOTL,12417333,12541889,12699005,12842214,12969162
Other small states,OSS,GDP per capita (current US$),NY.GDP.PCAP.CD,11728.9524519274,13671.456548983,14298.1028214028,15151.4664915358,15867.6733515992
Pacific island small states,PSS,"Population, total",SP.POP.TOTL,2595522,2625493,2656049,2689224,2722467
Pacific island small states,PSS,GDP per capita (current US$),NY.GDP.PCAP.CD,3666.08926363725,3649.53388709298,3888.62868011839,4153.19706628517,4399.41105391407
Post-demographic dividend,PST,"Population, total",SP.POP.TOTL,1117025276,1116609473,1117926537,1121892872,1128430188
Post-demographic dividend,PST,GDP per capita (current US$),NY.GDP.PCAP.CD,44887.3835189149,50022.0389228787,51102.3562661077,53961.341810452,55865.7865373976
Pre-demographic dividend,PRE,"Population, total",SP.POP.TOTL,998624261,1024960313,1051201551,1078224044,1105951788
Pre-demographic dividend,PRE,GDP per capita (current US$),NY.GDP.PCAP.CD,1320.70911111119,1412.70908920903,1577.71627123527,1416.33353040951,1290.20000126508
Small states,SST,"Population, total",SP.POP.TOTL,19472157,19646549,19852364,20051342,20230689
Small states,SST,GDP per capita (current US$),NY.GDP.PCAP.CD,10699.2911713647,12369.0639776112,13598.1107991474,14222.966048012,15291.69576976
South Asia,SAS,"Population, total",SP.POP.TOTL,1621073417,1634785356,1648009565,1662580579,1677384532
South Asia,SAS,GDP per capita (current US$),NY.GDP.PCAP.CD,1957.20343722686,2273.72055798689,2385.08341578414,2532.37560051691,2691.64556264089
South Asia (IDA & IBRD),TSA,"Population, total",SP.POP.TOTL,1621073417,1634785356,1648009565,1662580579,1677384532
South Asia (IDA & IBRD),TSA,GDP per capita (current US$),NY.GDP.PCAP.CD,1957.20343722686,2273.72055798689,2385.08341578414,2532.37560051691,2691.64556264089
Sub-Saharan Africa,SSF,"Population, total",SP.POP.TOTL,1169015451,1199011925,1229208573,1259902353,1291058694
Sub-Saharan Africa,SSF,GDP per capita (current US$),NY.GDP.PCAP.CD,1480.47864226138,1621.10097013513,1696.43999286939,1544.75911473464,1441.32038465812
Sub-Saharan Africa (excluding high income),SSA,"Population, total",SP.POP.TOTL,1049999318,1076774079,1103704408,1131090888,1158877573
Sub-Saharan Africa (excluding high income),SSA,GDP per capita (current US$),NY.GDP.PCAP.CD,1544.4411207735,1700.42199943914,1772.65535427221,1614.13902501696,1506.22853698028
Sub-Saharan Africa (IDA & IBRD countries),TSS,"Population, total",SP.POP.TOTL,1169015451,1199011925,1229208573,1259902353,1291058694
Sub-Saharan Africa (IDA & IBRD countries),TSS,GDP per capita (current US$),NY.GDP.PCAP.CD,1480.47864226138,1621.10097013513,1696.43999286939,1544.75911473464,1441.32038465812
Upper middle income,UMC,"Population, total",SP.POP.TOTL,2785181241,2796326198,2803432387,2809441887,2818128105
Upper middle income,UMC,GDP per capita (current US$),NY.GDP.PCAP.CD,8334.90582376743,9905.05583452615,10310.8668761078,10631.3167441564,10961.8184459945
World,WLD,"Population, total",SP.POP.TOTL,7855075060,7920861888,7990399768,8064976601,8142056446
World,WLD,GDP per capita (current US$),NY.GDP.PCAP.CD,10963.1756422364,12418.5659245064,12819.7448379733,13259.7098707258,13663.9924550685
,,,,,,,,
,,,,,,,,
,,,,,,,,
Data from database: World Development Indicators,,,,,,,,
Last Updated: 10/07/2025,,,,,,,,
